PassengerId;Survived;Pclass;Sex;Age;SibSp;Parch;Embarked
804;1;3;0;0,42;0;1;C
756;1;2;0;0,67;1;1;S
470;1;3;1;0,75;2;1;C
645;1;3;1;0,75;2;1;C
79;1;2;0;0,83;0;2;S
832;1;2;0;0,83;1;1;S
306;1;1;0;0,92;1;2;S
165;0;3;0;1;4;1;S
173;1;3;1;1;1;1;S
184;1;2;0;1;2;1;S
382;1;3;1;1;0;2;C
387;0;3;0;1;5;2;S
789;1;3;0;1;1;2;S
828;1;2;0;1;0;2;C
8;0;3;0;2;3;1;S
17;0;3;0;2;4;1;Q
120;0;3;1;2;4;2;S
206;0;3;1;2;0;1;S
298;0;1;1;2;1;2;S
341;1;2;0;2;1;1;S
480;1;3;1;2;0;1;S
531;1;2;1;2;1;1;S
643;0;3;1;2;3;2;S
825;0;3;0;2;4;1;S
44;1;2;1;3;1;2;C
194;1;2;0;3;1;1;S
262;1;3;0;3;4;2;S
349;1;3;0;3;1;1;S
375;0;3;1;3;3;1;S
408;1;2;0;3;1;1;S
11;1;3;1;4;1;1;S
64;0;3;0;4;3;2;S
172;0;3;0;4;4;1;Q
185;1;3;1;4;0;2;S
446;1;1;0;4;0;2;S
619;1;2;1;4;2;1;S
692;1;3;1;4;0;1;C
751;1;2;1;4;1;1;S
851;0;3;0;4;4;2;S
870;1;3;0;4;1;1;S
59;1;2;1;5;1;2;S
234;1;3;1;5;4;2;S
449;1;3;1;5;2;1;C
778;1;3;1;5;0;0;S
721;1;2;1;6;0;1;S
752;1;3;0;6;0;1;S
814;0;3;1;6;4;2;S
51;0;3;0;7;4;1;S
279;0;3;0;7;4;1;Q
536;1;2;1;7;0;2;S
25;0;3;1;8;3;1;S
238;1;2;1;8;0;2;S
550;1;2;0;8;1;1;S
788;0;3;0;8;4;1;Q
148;0;3;1;9;2;2;S
166;1;3;0;9;0;2;S
183;0;3;0;9;4;2;S
481;0;3;0;9;5;2;S
490;1;3;0;9;1;1;S
542;0;3;1;9;4;2;S
635;0;3;1;9;3;2;S
853;0;3;1;9;1;1;C
420;0;3;1;10;0;2;S
820;0;3;0;10;3;2;S
60;0;3;0;11;5;2;S
543;0;3;1;11;4;2;S
732;0;3;0;11;0;0;C
803;1;1;0;11;1;2;S
126;1;3;0;12;1;0;C
447;1;2;1;13;0;1;S
781;1;3;1;13;0;0;C
10;1;2;1;14;1;0;C
15;0;3;1;14;0;0;S
40;1;3;1;14;1;0;C
436;1;1;1;14;1;2;S
684;0;3;0;14;5;2;S
687;0;3;0;14;4;1;S
112;0;3;1;14,5;1;0;C
23;1;3;1;15;0;0;Q
353;0;3;0;15;1;1;C
690;1;1;1;15;0;1;S
831;1;3;1;15;1;0;C
876;1;3;1;15;0;0;C
72;0;3;1;16;5;2;S
87;0;3;0;16;1;3;S
139;0;3;0;16;0;0;S
157;1;3;1;16;0;0;Q
209;1;3;1;16;0;0;Q
221;1;3;0;16;0;0;S
267;0;3;0;16;4;1;S
283;0;3;0;16;0;0;S
330;1;1;1;16;0;1;C
334;0;3;0;16;2;0;S
505;1;1;1;16;0;0;S
575;0;3;0;16;0;0;S
747;0;3;0;16;1;1;S
765;0;3;0;16;0;0;S
792;0;2;0;16;0;0;S
842;0;2;0;16;0;0;S
854;1;1;1;16;0;1;S
69;1;3;1;17;4;2;S
85;1;2;1;17;0;0;S
115;0;3;1;17;0;0;C
164;0;3;0;17;0;0;S
308;1;1;1;17;1;0;C
390;1;2;1;17;0;0;C
434;0;3;0;17;0;0;S
501;0;3;0;17;0;0;S
533;0;3;0;17;1;1;C
551;1;1;0;17;0;2;C
722;0;3;0;17;1;0;S
782;1;1;1;17;1;0;S
845;0;3;0;17;0;0;S
39;0;3;1;18;2;0;S
50;0;3;1;18;1;0;S
145;0;2;0;18;0;0;S
176;0;3;0;18;1;1;S
205;1;3;0;18;0;0;S
229;0;2;0;18;0;0;S
312;1;1;1;18;2;2;C
372;0;3;0;18;1;0;S
386;0;2;0;18;0;0;S
418;1;2;1;18;0;2;S
425;0;3;0;18;1;1;S
506;0;1;0;18;1;0;C
586;1;1;1;18;0;2;S
652;1;2;1;18;0;1;S
655;0;3;1;18;0;0;Q
676;0;3;0;18;0;0;S
678;1;3;1;18;0;0;S
689;0;3;0;18;0;0;S
701;1;1;1;18;1;0;C
703;0;3;1;18;0;1;C
758;0;2;0;18;0;0;S
776;0;3;0;18;0;0;S
787;1;3;1;18;0;0;S
808;0;3;1;18;0;0;S
835;0;3;0;18;0;0;S
856;1;3;1;18;0;1;S
28;0;1;0;19;3;2;S
45;1;3;1;19;0;0;Q
68;0;3;0;19;0;0;S
137;1;1;1;19;0;2;S
144;0;3;0;19;0;0;Q
146;0;2;0;19;1;1;S
192;0;2;0;19;0;0;S
193;1;3;1;19;1;0;S
227;1;2;0;19;0;0;S
239;0;2;0;19;0;0;S
284;1;3;0;19;0;0;S
292;1;1;1;19;1;0;C
303;0;3;0;19;0;0;S
373;0;3;0;19;0;0;S
380;0;3;0;19;0;0;S
428;1;2;1;19;0;0;S
547;1;2;1;19;1;0;S
567;0;3;0;19;0;0;S
576;0;3;0;19;0;0;S
647;0;3;0;19;0;0;S
688;0;3;0;19;0;0;S
716;0;3;0;19;0;0;S
749;0;1;0;19;1;0;S
878;0;3;0;19;0;0;S
888;1;1;1;19;0;0;S
13;0;3;0;20;0;0;S
92;0;3;0;20;0;0;S
114;0;3;1;20;1;0;S
132;0;3;0;20;0;0;S
379;0;3;0;20;0;0;C
405;0;3;1;20;0;0;S
442;0;3;0;20;0;0;S
623;1;3;0;20;1;1;C
641;0;3;0;20;0;0;S
665;1;3;0;20;1;0;S
683;0;3;0;20;0;0;S
726;0;3;0;20;0;0;S
763;1;3;0;20;0;0;C
841;0;3;0;20;0;0;S
877;0;3;0;20;0;0;S
228;0;3;0;20,5;0;0;S
38;0;3;0;21;0;0;S
52;0;3;0;21;0;0;S
57;1;2;1;21;0;0;S
73;0;2;0;21;0;0;S
103;0;1;0;21;0;1;S
107;1;3;1;21;0;0;S
116;0;3;0;21;0;0;S
121;0;2;0;21;2;0;S
174;0;3;0;21;0;0;S
392;1;3;0;21;0;0;S
403;0;3;1;21;1;0;S
409;0;3;0;21;0;0;S
422;0;3;0;21;0;0;Q
437;0;3;1;21;2;2;S
492;0;3;0;21;0;0;S
495;0;3;0;21;0;0;S
502;0;3;1;21;0;0;Q
624;0;3;0;21;0;0;S
625;0;3;0;21;0;0;S
628;1;1;1;21;0;0;S
653;0;3;0;21;0;0;S
743;1;1;1;21;2;2;C
837;0;3;0;21;0;0;S
862;0;2;0;21;1;0;S
1;0;3;0;22;1;0;S
61;0;3;0;22;0;0;C
81;0;3;0;22;0;0;S
113;0;3;0;22;0;0;S
142;1;3;1;22;0;0;S
152;1;1;1;22;1;0;S
213;0;3;0;22;0;0;S
226;0;3;0;22;0;0;S
244;0;3;0;22;0;0;S
288;0;3;0;22;0;0;S
290;1;3;1;22;0;0;Q
321;0;3;0;22;0;0;S
324;1;2;1;22;1;1;S
357;1;1;1;22;0;1;S
374;0;1;0;22;0;0;C
377;1;3;1;22;0;0;S
396;0;3;0;22;0;0;S
475;0;3;1;22;0;0;S
479;0;3;0;22;0;0;S
522;0;3;0;22;0;0;S
540;1;1;1;22;0;2;C
554;1;3;0;22;0;0;C
555;1;3;1;22;0;0;S
589;0;3;0;22;0;0;S
609;1;2;1;22;1;2;C
709;1;1;1;22;0;0;S
883;0;3;1;22;0;0;S
89;1;1;1;23;3;2;S
98;1;1;0;23;0;1;C
136;0;2;0;23;0;0;C
351;0;3;0;23;0;0;S
394;1;1;1;23;1;0;C
399;0;2;0;23;0;0;S
474;1;2;1;23;0;0;C
530;0;2;0;23;2;1;S
650;1;3;1;23;0;0;S
659;0;2;0;23;0;0;S
734;0;2;0;23;0;0;S
735;0;2;0;23;0;0;S
754;0;3;0;23;0;0;S
817;0;3;1;23;0;0;S
834;0;3;0;23;0;0;S
297;0;3;0;23,5;0;0;C
90;0;3;0;24;0;0;S
119;0;1;0;24;0;1;C
128;1;3;0;24;0;0;S
140;0;1;0;24;0;0;C
143;1;3;1;24;1;0;S
200;0;2;1;24;0;0;S
211;0;3;0;24;0;0;S
235;0;2;0;24;0;0;S
248;1;2;1;24;0;2;S
294;0;3;1;24;0;0;S
295;0;3;0;24;0;0;S
311;1;1;1;24;0;0;C
317;1;2;1;24;1;0;S
342;1;1;1;24;3;2;S
346;1;2;1;24;0;0;S
370;1;1;1;24;0;0;C
395;1;3;1;24;0;2;S
438;1;2;1;24;2;3;S
500;0;3;0;24;0;0;S
515;0;3;0;24;0;0;S
566;0;3;0;24;2;0;S
601;1;2;1;24;2;1;S
616;1;2;1;24;1;2;S
642;1;1;1;24;0;0;C
656;0;2;0;24;2;0;S
711;1;1;1;24;0;0;C
744;0;3;0;24;1;0;S
771;0;3;0;24;0;0;S
859;1;3;1;24;0;3;C
865;0;2;0;24;0;0;S
677;0;3;0;24,5;0;0;S
76;0;3;0;25;0;0;S
135;0;2;0;25;0;0;S
247;0;3;1;25;0;0;S
268;1;3;0;25;1;0;S
272;1;3;0;25;0;0;S
344;0;2;0;25;0;0;S
354;0;3;0;25;1;0;S
371;1;1;0;25;1;0;C
443;0;3;0;25;1;0;S
485;1;1;0;25;1;0;C
499;0;1;1;25;1;2;S
581;1;2;1;25;1;1;S
667;0;2;0;25;0;0;S
686;0;2;0;25;1;2;C
694;0;3;0;25;0;0;C
704;0;3;0;25;0;0;Q
729;0;2;0;25;1;0;S
730;0;3;1;25;1;0;S
785;0;3;0;25;0;0;S
786;0;3;0;25;0;0;S
795;0;3;0;25;0;0;S
881;1;2;1;25;0;1;S
885;0;3;0;25;0;0;S
3;1;3;1;26;0;0;S
70;0;3;0;26;2;0;S
74;0;3;0;26;1;0;C
94;0;3;0;26;1;2;S
163;0;3;0;26;0;0;S
208;1;3;0;26;0;0;C
291;1;1;1;26;0;0;S
313;0;2;1;26;1;1;S
316;1;3;1;26;0;0;S
402;0;3;0;26;0;0;S
510;1;3;0;26;0;0;S
618;0;3;1;26;1;0;S
620;0;2;0;26;0;0;S
629;0;3;0;26;0;0;S
705;0;3;0;26;1;0;S
811;0;3;0;26;0;0;S
871;0;3;0;26;0;0;S
890;1;1;0;26;0;0;C
9;1;3;1;27;0;2;S
42;0;2;1;27;1;0;S
147;1;3;0;27;0;0;S
217;1;3;1;27;0;0;S
222;0;2;0;27;0;0;S
322;0;3;0;27;0;0;S
378;0;1;0;27;0;2;C
552;0;2;0;27;0;0;S
608;1;1;0;27;0;0;S
621;0;3;0;27;1;0;C
682;1;1;0;27;0;0;C
718;1;2;1;27;0;0;S
725;1;1;0;27;1;0;S
805;1;3;0;27;0;0;S
822;1;3;0;27;0;0;S
824;1;3;1;27;0;1;S
867;1;2;1;27;1;0;C
887;0;2;0;27;0;0;S
24;1;1;0;28;0;0;S
35;0;1;0;28;1;0;C
84;0;1;0;28;0;0;S
101;0;3;1;28;0;0;S
106;0;3;0;28;0;0;S
170;0;3;0;28;0;0;S
201;0;3;0;28;0;0;S
282;0;3;0;28;0;0;S
314;0;3;0;28;0;0;S
343;0;2;0;28;0;0;S
356;0;3;0;28;0;0;S
393;0;3;0;28;2;0;S
400;1;2;1;28;0;0;S
404;0;3;0;28;1;0;S
424;0;3;1;28;1;1;S
427;1;2;1;28;1;0;S
431;1;1;0;28;0;0;S
444;1;2;1;28;0;0;S
509;0;3;0;28;0;0;S
563;0;2;0;28;0;0;S
636;1;2;1;28;0;0;S
757;0;3;0;28;0;0;S
849;0;2;0;28;0;1;S
875;1;2;1;28;1;0;C
884;0;2;0;28;0;0;S
58;0;3;0;28,5;0;0;C
736;0;3;0;28,5;0;0;S
54;1;2;1;29;1;0;S
67;1;2;1;29;0;0;S
82;1;3;0;29;0;0;S
91;0;3;0;29;0;0;S
118;0;2;0;29;1;0;S
134;1;2;1;29;1;0;S
232;0;3;0;29;0;0;S
243;0;2;0;29;0;0;S
252;0;3;1;29;1;1;S
256;1;3;1;29;0;2;C
337;0;1;0;29;1;0;S
362;0;2;0;29;1;0;C
423;0;3;0;29;0;0;S
456;1;3;0;29;0;0;C
478;0;3;0;29;1;0;S
511;1;3;0;29;0;0;Q
568;0;3;1;29;0;4;S
714;0;3;0;29;0;0;S
731;1;1;1;29;0;0;S
783;0;1;0;29;0;0;S
80;1;3;1;30;0;0;S
158;0;3;0;30;0;0;S
179;0;2;0;30;0;0;S
214;0;2;0;30;0;0;S
220;0;2;0;30;0;0;S
245;0;3;0;30;0;0;C
254;0;3;0;30;1;0;S
258;1;1;1;30;0;0;S
287;1;3;0;30;0;0;S
309;0;2;0;30;1;0;C
310;1;1;1;30;0;0;C
323;1;2;1;30;0;0;Q
366;0;3;0;30;0;0;S
419;0;2;0;30;0;0;S
453;0;1;0;30;0;0;C
489;0;3;0;30;0;0;S
521;1;1;1;30;0;0;S
535;0;3;1;30;0;0;S
538;1;1;1;30;0;0;C
607;0;3;0;30;0;0;S
727;1;2;1;30;3;0;S
748;1;2;1;30;0;0;S
799;0;3;0;30;0;0;C
800;0;3;1;30;1;1;S
843;1;1;1;30;0;0;C
768;0;3;1;30,5;0;0;Q
815;0;3;0;30,5;0;0;S
19;0;3;1;31;1;0;S
216;1;1;1;31;1;0;C
319;1;1;1;31;0;2;S
329;1;3;1;31;1;1;S
397;0;3;1;31;0;0;S
440;0;2;0;31;0;0;S
638;0;2;0;31;1;1;S
672;0;1;0;31;1;0;S
674;1;2;0;31;0;0;S
691;1;1;0;31;1;0;S
745;1;3;0;31;0;0;S
750;0;3;0;31;0;0;Q
798;1;3;1;31;0;0;S
802;1;2;1;31;1;1;S
806;0;3;0;31;0;0;S
818;0;2;0;31;1;1;C
868;0;1;0;31;0;0;S
71;0;2;0;32;0;0;S
75;1;3;0;32;0;0;S
191;1;2;1;32;0;0;S
207;0;3;0;32;1;0;S
219;1;1;1;32;0;0;C
383;0;3;0;32;0;0;S
430;1;3;0;32;0;0;S
520;0;3;0;32;0;0;S
544;1;2;0;32;1;0;S
570;1;3;0;32;0;0;S
580;1;3;0;32;0;0;S
633;1;1;0;32;0;0;C
637;0;3;0;32;0;0;S
658;0;3;1;32;1;1;Q
666;0;2;0;32;2;0;S
770;0;3;0;32;0;0;S
839;1;3;0;32;0;0;S
891;0;3;0;32;0;0;Q
123;0;2;0;32,5;1;0;C
124;1;2;1;32,5;0;0;S
86;1;3;1;33;3;0;S
104;0;3;0;33;0;0;S
131;0;3;0;33;0;0;C
240;0;2;0;33;0;0;S
286;0;3;0;33;0;0;C
413;1;1;1;33;1;0;Q
473;1;2;1;33;1;2;S
507;1;2;1;33;0;2;S
549;0;3;0;33;1;1;S
720;0;3;0;33;0;0;S
753;0;3;0;33;0;0;S
760;1;1;1;33;0;0;S
810;1;1;1;33;1;0;S
873;0;1;0;33;0;0;S
882;0;3;0;33;0;0;S
22;1;2;0;34;0;0;S
99;1;2;1;34;0;1;S
100;0;2;0;34;1;0;S
203;0;3;0;34;0;0;S
406;0;2;0;34;1;0;S
417;1;2;1;34;1;1;S
448;1;1;0;34;0;0;S
462;0;3;0;34;0;0;S
477;0;2;0;34;1;0;S
517;1;2;1;34;0;0;S
577;1;2;1;34;0;0;S
617;0;3;0;34;1;1;S
723;0;2;0;34;0;0;S
759;0;3;0;34;0;0;S
801;0;2;0;34;0;0;S
844;0;3;0;34,5;0;0;C
4;1;1;1;35;1;0;S
5;0;3;0;35;0;0;S
21;0;2;0;35;0;0;S
212;1;2;1;35;0;0;S
231;1;1;1;35;1;0;S
259;1;1;1;35;0;0;C
270;1;1;1;35;0;0;S
280;1;3;1;35;1;1;S
364;0;3;0;35;0;0;S
384;1;1;1;35;1;0;S
487;1;1;1;35;1;0;S
591;0;3;0;35;0;0;S
605;1;1;0;35;0;0;C
615;0;3;0;35;0;0;S
702;1;1;0;35;0;0;S
738;1;1;0;35;0;0;C
813;0;2;0;35;0;0;S
848;0;3;0;35;0;0;C
180;0;3;0;36;0;0;S
190;0;3;0;36;0;0;S
266;0;2;0;36;0;0;S
293;0;2;0;36;0;0;C
326;1;1;1;36;0;0;C
328;1;2;1;36;0;0;S
345;0;2;0;36;0;0;S
388;1;2;1;36;0;0;S
391;1;1;0;36;1;2;S
451;0;2;0;36;1;2;S
513;1;1;0;36;0;0;S
519;1;2;1;36;1;0;S
541;1;1;1;36;0;2;S
560;1;3;1;36;1;0;S
573;1;1;0;36;0;0;S
584;0;1;0;36;0;0;C
596;0;3;0;36;1;1;S
606;0;3;0;36;1;0;S
664;0;3;0;36;0;0;S
680;1;1;0;36;0;1;C
742;0;1;0;36;1;0;S
764;1;1;1;36;1;2;S
149;0;2;0;36,5;0;2;S
105;0;3;0;37;2;0;S
138;0;1;0;37;1;0;S
249;1;1;0;37;1;1;S
274;0;1;0;37;0;1;C
504;0;3;1;37;0;0;S
595;0;2;0;37;1;0;S
2;1;1;1;38;1;0;C
26;1;3;1;38;1;5;S
62;1;1;1;38;0;0;
109;0;3;0;38;0;0;S
225;1;1;0;38;1;0;S
333;0;1;0;38;0;1;S
358;0;2;1;38;0;0;S
466;0;3;0;38;0;0;S
472;0;3;0;38;0;0;S
717;1;1;1;38;0;0;C
823;0;1;0;38;0;0;S
14;0;3;0;39;1;5;S
401;1;3;0;39;0;0;S
529;0;3;0;39;0;0;S
559;1;1;1;39;1;1;S
578;1;1;1;39;1;0;S
582;1;1;1;39;1;1;C
611;0;3;1;39;1;5;S
706;0;2;0;39;0;0;S
796;0;2;0;39;0;0;S
807;0;1;0;39;0;0;S
809;0;2;0;39;0;0;S
812;0;3;0;39;0;0;S
836;1;1;1;39;1;1;C
886;0;3;1;39;0;5;Q
31;0;1;0;40;0;0;C
41;0;3;1;40;1;0;S
162;1;2;1;40;0;0;S
189;0;3;0;40;1;1;Q
210;1;1;0;40;0;0;C
264;0;1;0;40;0;0;S
320;1;1;1;40;1;1;C
347;1;2;1;40;0;0;S
361;0;3;0;40;1;4;S
562;0;3;0;40;0;0;S
610;1;1;1;40;0;0;S
662;0;3;0;40;0;0;C
671;1;2;1;40;1;1;S
154;0;3;0;40,5;0;2;S
526;0;3;0;40,5;0;0;Q
255;0;3;1;41;0;2;S
273;1;2;1;41;0;1;S
338;1;1;1;41;0;0;C
639;0;3;1;41;0;5;S
762;0;3;0;41;0;0;S
861;0;3;0;41;2;0;S
36;0;1;0;42;1;0;S
150;0;2;0;42;0;0;S
198;0;3;0;42;0;1;S
218;0;2;0;42;1;0;S
289;1;2;0;42;0;0;S
350;0;3;0;42;0;0;S
381;1;1;1;42;0;0;C
433;1;2;1;42;1;0;S
622;1;1;0;42;1;0;S
700;0;3;0;42;0;0;S
708;1;1;0;42;0;0;S
846;0;3;0;42;0;0;S
866;1;2;1;42;0;0;S
315;0;2;0;43;1;1;S
669;0;3;0;43;0;0;S
679;0;3;1;43;1;6;S
780;1;1;1;43;0;1;S
819;0;3;0;43;0;0;S
161;0;3;0;44;0;1;S
195;1;1;1;44;0;0;C
237;0;2;0;44;1;0;S
246;0;1;0;44;2;0;Q
415;1;3;0;44;0;0;S
524;1;1;1;44;0;1;C
604;0;3;0;44;0;0;S
697;0;3;0;44;0;0;S
855;0;2;1;44;1;0;S
63;0;1;0;45;1;0;S
130;0;3;0;45;0;0;S
168;0;3;1;45;1;4;S
188;1;1;0;45;0;0;S
277;0;3;1;45;0;0;S
339;1;3;0;45;0;0;S
340;0;1;0;45;0;0;S
363;0;3;1;45;0;1;C
441;1;2;1;45;1;1;S
537;0;1;0;45;0;0;S
707;1;2;1;45;0;0;S
857;1;1;1;45;1;1;S
204;0;3;0;45,5;0;0;C
332;0;1;0;45,5;0;0;S
93;0;1;0;46;1;0;S
398;0;2;0;46;0;0;S
790;0;1;0;46;0;0;C
111;0;1;0;47;0;0;S
133;0;3;1;47;1;0;S
463;0;1;0;47;0;0;S
516;0;1;0;47;0;0;S
587;0;2;0;47;0;0;S
593;0;3;0;47;0;0;S
663;0;1;0;47;0;0;S
872;1;1;1;47;1;1;S
874;0;3;0;47;0;0;S
461;1;1;0;48;0;0;S
464;0;2;0;48;0;0;S
557;1;1;1;48;1;0;C
646;1;1;0;48;1;0;C
713;1;1;0;48;1;0;S
737;0;3;1;48;1;3;S
755;1;2;1;48;1;2;S
772;0;3;0;48;0;0;S
863;1;1;1;48;0;0;S
53;1;1;1;49;1;0;C
454;1;1;0;49;1;0;C
598;0;3;0;49;0;0;S
600;1;1;0;49;1;0;C
699;0;1;0;49;1;1;C
797;1;1;1;49;0;0;S
178;0;1;1;50;0;0;C
260;1;2;1;50;0;1;S
300;1;1;1;50;0;1;C
435;0;1;0;50;1;0;S
459;1;2;1;50;0;0;S
483;0;3;0;50;0;0;S
527;1;2;1;50;0;0;S
545;0;1;0;50;1;0;C
661;1;1;0;50;2;0;S
724;0;2;0;50;0;0;S
151;0;2;0;51;0;0;S
156;0;1;0;51;0;1;C
223;0;3;0;51;0;0;S
407;0;3;0;51;0;0;S
632;0;3;0;51;0;0;S
766;1;1;1;51;1;0;S
858;1;1;0;51;0;0;S
263;0;1;0;52;1;1;S
450;1;1;0;52;0;0;S
592;1;1;1;52;1;0;C
696;0;2;0;52;0;0;S
715;0;2;0;52;0;0;S
821;1;1;1;52;1;1;S
572;1;1;1;53;2;0;S
7;0;1;0;54;0;0;S
125;0;1;0;54;0;1;S
250;0;2;0;54;1;0;S
318;0;2;0;54;0;0;S
497;1;1;1;54;1;0;C
514;1;1;1;54;1;0;C
583;0;2;0;54;0;0;S
775;1;2;1;54;1;3;S
16;1;2;1;55;0;0;S
493;0;1;0;55;0;0;S
153;0;3;0;55,5;0;0;S
175;0;1;0;56;0;0;C
468;0;1;0;56;0;0;S
648;1;1;0;56;0;0;C
880;1;1;1;56;0;1;C
627;0;2;0;57;0;0;Q
773;0;2;1;57;0;0;S
12;1;1;1;58;0;0;S
196;1;1;1;58;0;0;C
269;1;1;1;58;0;1;S
488;0;1;0;58;0;0;C
660;0;1;0;58;0;2;C
95;0;3;0;59;0;0;S
233;0;2;0;59;0;0;S
367;1;1;1;60;1;0;C
588;1;1;0;60;1;1;C
685;0;2;0;60;1;1;S
695;0;1;0;60;0;0;S
171;0;1;0;61;0;0;S
327;0;3;0;61;0;0;S
626;0;1;0;61;0;0;S
253;0;1;0;62;0;0;S
556;0;1;0;62;0;0;S
571;1;2;0;62;0;0;S
830;1;1;1;62;0;0;
276;1;1;1;63;1;0;S
484;1;3;1;63;0;0;S
439;0;1;0;64;1;4;S
546;0;1;0;64;0;0;S
55;0;1;0;65;0;1;C
281;0;3;0;65;0;0;Q
457;0;1;0;65;0;0;S
34;0;2;0;66;0;0;S
673;0;2;0;70;0;0;S
746;0;1;0;70;1;1;S
117;0;3;0;70,5;0;0;Q
97;0;1;0;71;0;0;C
494;0;1;0;71;0;0;C
852;0;3;0;74;0;0;S
631;1;1;0;80;0;0;S
6;0;3;0;29,7;0;0;Q
18;1;2;0;29,7;0;0;S
20;1;3;1;29,7;0;0;C
27;0;3;0;29,7;0;0;C
29;1;3;1;29,7;0;0;Q
30;0;3;0;29,7;0;0;S
32;1;1;1;29,7;1;0;C
33;1;3;1;29,7;0;0;Q
37;1;3;0;29,7;0;0;C
43;0;3;0;29,7;0;0;C
46;0;3;0;29,7;0;0;S
47;0;3;0;29,7;1;0;Q
48;1;3;1;29,7;0;0;Q
49;0;3;0;29,7;2;0;C
56;1;1;0;29,7;0;0;S
65;0;1;0;29,7;0;0;C
66;1;3;0;29,7;1;1;C
77;0;3;0;29,7;0;0;S
78;0;3;0;29,7;0;0;S
83;1;3;1;29,7;0;0;Q
88;0;3;0;29,7;0;0;S
96;0;3;0;29,7;0;0;S
102;0;3;0;29,7;0;0;S
108;1;3;0;29,7;0;0;S
110;1;3;1;29,7;1;0;Q
122;0;3;0;29,7;0;0;S
127;0;3;0;29,7;0;0;Q
129;1;3;1;29,7;1;1;C
141;0;3;1;29,7;0;2;C
155;0;3;0;29,7;0;0;S
159;0;3;0;29,7;0;0;S
160;0;3;0;29,7;8;2;S
167;1;1;1;29,7;0;1;S
169;0;1;0;29,7;0;0;S
177;0;3;0;29,7;3;1;S
181;0;3;1;29,7;8;2;S
182;0;2;0;29,7;0;0;C
186;0;1;0;29,7;0;0;S
187;1;3;1;29,7;1;0;Q
197;0;3;0;29,7;0;0;Q
199;1;3;1;29,7;0;0;Q
202;0;3;0;29,7;8;2;S
215;0;3;0;29,7;1;0;Q
224;0;3;0;29,7;0;0;S
230;0;3;1;29,7;3;1;S
236;0;3;1;29,7;0;0;S
241;0;3;1;29,7;1;0;C
242;1;3;1;29,7;1;0;Q
251;0;3;0;29,7;0;0;S
257;1;1;1;29,7;0;0;C
261;0;3;0;29,7;0;0;Q
265;0;3;1;29,7;0;0;Q
271;0;1;0;29,7;0;0;S
275;1;3;1;29,7;0;0;Q
278;0;2;0;29,7;0;0;S
285;0;1;0;29,7;0;0;S
296;0;1;0;29,7;0;0;C
299;1;1;0;29,7;0;0;S
301;1;3;1;29,7;0;0;Q
302;1;3;0;29,7;2;0;Q
304;1;2;1;29,7;0;0;Q
305;0;3;0;29,7;0;0;S
307;1;1;1;29,7;0;0;C
325;0;3;0;29,7;8;2;S
331;1;3;1;29,7;2;0;Q
335;1;1;1;29,7;1;0;S
336;0;3;0;29,7;0;0;S
348;1;3;1;29,7;1;0;S
352;0;1;0;29,7;0;0;S
355;0;3;0;29,7;0;0;C
359;1;3;1;29,7;0;0;Q
360;1;3;1;29,7;0;0;Q
365;0;3;0;29,7;1;0;Q
368;1;3;1;29,7;0;0;C
369;1;3;1;29,7;0;0;Q
376;1;1;1;29,7;1;0;C
385;0;3;0;29,7;0;0;S
389;0;3;0;29,7;0;0;Q
410;0;3;1;29,7;3;1;S
411;0;3;0;29,7;0;0;S
412;0;3;0;29,7;0;0;Q
414;0;2;0;29,7;0;0;S
416;0;3;1;29,7;0;0;S
421;0;3;0;29,7;0;0;C
426;0;3;0;29,7;0;0;S
429;0;3;0;29,7;0;0;Q
432;1;3;1;29,7;1;0;S
445;1;3;0;29,7;0;0;S
452;0;3;0;29,7;1;0;S
455;0;3;0;29,7;0;0;S
458;1;1;1;29,7;1;0;S
460;0;3;0;29,7;0;0;Q
465;0;3;0;29,7;0;0;S
467;0;2;0;29,7;0;0;S
469;0;3;0;29,7;0;0;Q
471;0;3;0;29,7;0;0;S
476;0;1;0;29,7;0;0;S
482;0;2;0;29,7;0;0;S
486;0;3;1;29,7;3;1;S
491;0;3;0;29,7;1;0;S
496;0;3;0;29,7;0;0;C
498;0;3;0;29,7;0;0;S
503;0;3;1;29,7;0;0;Q
508;1;1;0;29,7;0;0;S
512;0;3;0;29,7;0;0;S
518;0;3;0;29,7;0;0;Q
523;0;3;0;29,7;0;0;C
525;0;3;0;29,7;0;0;C
528;0;1;0;29,7;0;0;S
532;0;3;0;29,7;0;0;C
534;1;3;1;29,7;0;2;C
539;0;3;0;29,7;0;0;S
548;1;2;0;29,7;0;0;C
553;0;3;0;29,7;0;0;Q
558;0;1;0;29,7;0;0;C
561;0;3;0;29,7;0;0;Q
564;0;3;0;29,7;0;0;S
565;0;3;1;29,7;0;0;S
569;0;3;0;29,7;0;0;C
574;1;3;1;29,7;0;0;Q
579;0;3;1;29,7;1;0;C
585;0;3;0;29,7;0;0;C
590;0;3;0;29,7;0;0;S
594;0;3;1;29,7;0;2;Q
597;1;2;1;29,7;0;0;S
599;0;3;0;29,7;0;0;C
602;0;3;0;29,7;0;0;S
603;0;1;0;29,7;0;0;S
612;0;3;0;29,7;0;0;S
613;1;3;1;29,7;1;0;Q
614;0;3;0;29,7;0;0;Q
630;0;3;0;29,7;0;0;Q
634;0;1;0;29,7;0;0;S
640;0;3;0;29,7;1;0;S
644;1;3;0;29,7;0;0;S
649;0;3;0;29,7;0;0;S
651;0;3;0;29,7;0;0;S
654;1;3;1;29,7;0;0;Q
657;0;3;0;29,7;0;0;S
668;0;3;0;29,7;0;0;S
670;1;1;1;29,7;1;0;S
675;0;2;0;29,7;0;0;S
681;0;3;1;29,7;0;0;Q
693;1;3;0;29,7;0;0;S
698;1;3;1;29,7;0;0;Q
710;1;3;0;29,7;1;1;C
712;0;1;0;29,7;0;0;S
719;0;3;0;29,7;0;0;Q
728;1;3;1;29,7;0;0;Q
733;0;2;0;29,7;0;0;S
739;0;3;0;29,7;0;0;S
740;0;3;0;29,7;0;0;S
741;1;1;0;29,7;0;0;S
761;0;3;0;29,7;0;0;S
767;0;1;0;29,7;0;0;C
769;0;3;0;29,7;1;0;Q
774;0;3;0;29,7;0;0;C
777;0;3;0;29,7;0;0;Q
779;0;3;0;29,7;0;0;Q
784;0;3;0;29,7;1;2;S
791;0;3;0;29,7;0;0;Q
793;0;3;1;29,7;8;2;S
794;0;1;0;29,7;0;0;C
816;0;1;0;29,7;0;0;S
826;0;3;0;29,7;0;0;Q
827;0;3;0;29,7;0;0;S
829;1;3;0;29,7;0;0;Q
833;0;3;0;29,7;0;0;C
838;0;3;0;29,7;0;0;S
840;1;1;0;29,7;0;0;C
847;0;3;0;29,7;8;2;S
850;1;1;1;29,7;1;0;C
860;0;3;0;29,7;0;0;C
864;0;3;1;29,7;8;2;S
869;0;3;0;29,7;0;0;S
879;0;3;0;29,7;0;0;S
889;0;3;1;29,7;1;2;S
